model_name,image_name,caption,concept_recall,runtime_seconds,status,error
Salesforce/blip-image-captioning-base,01_fairy_forest.png,a painting of a beautiful landscape with flowers and trees,0.1666666666666666,0.6223039400001653,success,
Salesforce/blip-image-captioning-base,02_space_world.png,a cartoon space scene with planets and stars,0.5,0.4729549149997183,success,
Salesforce/blip-image-captioning-base,03_mystery_library.png,a room with a large bookcase and a large window,0.0,0.5803643760000341,success,
Salesforce/blip-image-captioning-base,04_jungle_adventure.png,jungle jungle jungle jungle jungle jungle jungle jungle jungle jungle jungle jungle jungle jungle jungle jungle jungle jungle jungle jungle jungle,0.1666666666666666,0.7812883110000257,success,
Salesforce/blip-image-captioning-base,05_poetry_world.png,a painting of a river surrounded by trees and colorful paper flowers,0.1666666666666666,0.5675245530001121,success,
Salesforce/blip-image-captioning-base,06_underwater_world.png,underwater background with corals and fishes,0.5,0.4793357570006265,success,
Salesforce/blip-image-captioning-base,07_kids_playing.jpg,children playing in the park illustration,0.1666666666666666,0.5054890269993848,success,
Salesforce/blip-image-captioning-base,08_young_boy.jpg,a young man in a kimono suit,0.25,0.4917664109998441,success,
Salesforce/blip-image-captioning-base,09_woman.jpg,a woman smiling and looking at the camera,0.5,0.4954859570007102,success,
Salesforce/blip-image-captioning-base,10_man.jpg,a man sitting on a bench with his arms crossed,0.5,0.5269229399991673,success,
Salesforce/blip-image-captioning-large,01_fairy_forest.png,painting of a beautiful forest with a waterfall and a bridge,0.1666666666666666,1.3145325940004111,success,
Salesforce/blip-image-captioning-large,02_space_world.png,cartoon space scene with planets and stars in the sky,0.5,1.1049365449998731,success,
Salesforce/blip-image-captioning-large,03_mystery_library.png,there is a room with a lot of books and a lamp,0.3333333333333333,2.702646421999816,success,
Salesforce/blip-image-captioning-large,04_jungle_adventure.png,painting of a tropical jungle with a waterfall and birds,0.5,1.7812928519997513,success,
Salesforce/blip-image-captioning-large,05_poetry_world.png,there is a picture of a cartoon scene with a book and balloons,0.1666666666666666,2.1610776150000675,success,
Salesforce/blip-image-captioning-large,06_underwater_world.png,underwater scene with coral reef and sea life,0.3333333333333333,1.2143585789999634,success,
Salesforce/blip-image-captioning-large,07_kids_playing.jpg,illustration of a group of children playing in a park,0.1666666666666666,2.095000786000128,success,
Salesforce/blip-image-captioning-large,08_young_boy.jpg,anime character with a flowered jacket and a dark hair,0.25,1.9551389589996688,success,
Salesforce/blip-image-captioning-large,09_woman.jpg,smiling woman with long black hair and brown jacket on street,0.5,1.7903049870001269,success,
Salesforce/blip-image-captioning-large,10_man.jpg,there is a man sitting at a table with a glass of wine,0.5,1.2439031309995698,success,
microsoft/git-base,01_fairy_forest.png,digital art selected for the #,0.0,1.209379357999751,success,
microsoft/git-base,02_space_world.png,i ' m a sucker for a space,0.1666666666666666,2.2821348990000843,success,
microsoft/git-base,03_mystery_library.png,a large area rug,0.0,1.1717463330005558,success,
microsoft/git-base,04_jungle_adventure.png,digital art selected for the #,0.0,1.2198213080000642,success,
microsoft/git-base,05_poetry_world.png,the sky is blue and the clouds are in color,0.1666666666666666,1.844931177000035,success,
microsoft/git-base,06_underwater_world.png,underwater scene with a coral reef and fish,0.5,3.608872070999496,success,
microsoft/git-base,07_kids_playing.jpg,children playing in the park vector art illustration,0.1666666666666666,8.699725655000293,success,
microsoft/git-base,08_young_boy.jpg,digital art selected for the #,0.0,1.9438307769996757,success,
microsoft/git-base,09_woman.jpg,portrait of a smiling woman,0.75,1.0636742409997169,success,
microsoft/git-base,10_man.jpg,a man sitting at a table with his hands folded,0.5,1.933732045999932,success,
microsoft/git-base-coco,01_fairy_forest.png,a beautiful landscape with a river and bridge.,0.1666666666666666,2.641523968999536,success,
microsoft/git-base-coco,02_space_world.png,a space with stars and planets,0.5,1.5392916979999427,success,
microsoft/git-base-coco,03_mystery_library.png,a room with a large bookshelf and a large window.,0.1666666666666666,2.2882579729994177,success,
microsoft/git-base-coco,04_jungle_adventure.png,a digital painting of a landscape with a bridge and birds.,0.3333333333333333,2.35827259800044,success,
microsoft/git-base-coco,05_poetry_world.png,illustration of a landscape with a river and kites,0.3333333333333333,1.7869201170005908,success,
microsoft/git-base-coco,06_underwater_world.png,underwater scene with fish and sun rays in the sea,0.3333333333333333,1.7745379569996658,success,
microsoft/git-base-coco,07_kids_playing.jpg,children playing in the park vector art illustration,0.1666666666666666,1.453930252000646,success,
microsoft/git-base-coco,08_young_boy.jpg,digital art selected for the #,0.0,1.123684793999928,success,
microsoft/git-base-coco,09_woman.jpg,portrait of a smiling woman,0.75,0.9775431110001592,success,
microsoft/git-base-coco,10_man.jpg,a man smiling at the camera with his arms crossed.,0.5,1.9356254200001783,success,
microsoft/git-base-textcaps,01_fairy_forest.png,a painting of a waterfall and a waterfall with a waterfall in the background.,0.0,3.437787114999992,success,
microsoft/git-base-textcaps,02_space_world.png,a painting of a space station with planets and stars.,0.6666666666666666,2.347275430000081,success,
microsoft/git-base-textcaps,03_mystery_library.png,a library with a blue rug and a green rug with a city in the background.,0.1666666666666666,2.995431348999773,success,
microsoft/git-base-textcaps,04_jungle_adventure.png,a painting of a bridge over a river with a bird flying above it.,0.3333333333333333,2.6143147340008,success,
microsoft/git-base-textcaps,05_poetry_world.png,"a colorful picture of a river with a stream and a kite that says "" happy birthday "".",0.3333333333333333,3.303767004000292,success,
microsoft/git-base-textcaps,06_underwater_world.png,a underwater scene with fish swimming under a coral reef with the sun shining through the water.,0.5,3.257983904999492,success,
microsoft/git-base-textcaps,07_kids_playing.jpg,"a cartoon illustration of children playing in a park with a slide and the word "" children "".",0.3333333333333333,3.2619521499991606,success,
microsoft/git-base-textcaps,08_young_boy.jpg,a boy with a kimono on his shirt,0.25,1.6303926239997963,success,
microsoft/git-base-textcaps,09_woman.jpg,a woman with a brown jacket and a gray shirt is smiling.,0.5,2.383360451999579,success,
microsoft/git-base-textcaps,10_man.jpg,a man is sitting on a wooden deck with his hands on his hips.,0.5,2.551393931999882,success,
microsoft/git-large,01_fairy_forest.png,a wall on the side of a building,0.0,6.217361420999623,success,
microsoft/git-large,02_space_world.png,"a space scene with a moon, a spaceship, a spaceship, a rocket, a rocket, a rocket, a rocket, a rocket, a rocket, a rocket, a rocket.",0.5,21.37751977700009,success,
microsoft/git-large,03_mystery_library.png,a blue rug on the floor,0.0,3.828957491999972,success,
microsoft/git-large,04_jungle_adventure.png,a bridge over a river,0.1666666666666666,3.3874875640003665,success,
microsoft/git-large,05_poetry_world.png,the blue sky with clouds,0.1666666666666666,3.335037044000273,success,
microsoft/git-large,06_underwater_world.png,under the sea painting - photo #,0.0,4.645690854999884,success,
microsoft/git-large,07_kids_playing.jpg,children playing in a park,0.1666666666666666,3.36214795900014,success,
microsoft/git-large,08_young_boy.jpg,digital art selected for the #,0.0,3.9910640899997816,success,
microsoft/git-large,09_woman.jpg,woman with long black hair,0.25,3.374394138999378,success,
microsoft/git-large,10_man.jpg,"[ unused0 ], a former [ unused0 ], is a former [ unused0 ].",0.0,11.5325959769998,success,
microsoft/git-large-coco,01_fairy_forest.png,the garden of eden - fantasy landscape,0.0,5.771751842999947,success,
microsoft/git-large-coco,02_space_world.png,"wallpaper space, the moon, the moon, space, space, space, space, space, space, space, space, space, space, space, space, space, space,",0.3333333333333333,22.27599858800022,success,
microsoft/git-large-coco,03_mystery_library.png,the library in the castle,0.1666666666666666,3.4285947429998487,success,
microsoft/git-large-coco,04_jungle_adventure.png,wallpapers of the week : bridge over the river,0.1666666666666666,6.896325972999875,success,
microsoft/git-large-coco,05_poetry_world.png,illustration of a river and musical notes,0.3333333333333333,4.58213698399959,success,
microsoft/git-large-coco,06_underwater_world.png,under the sea wallpapers hd wallpapers,0.0,6.374434190000102,success,
microsoft/git-large-coco,07_kids_playing.jpg,kids playing in the park vector art illustration,0.1666666666666666,5.223001880000084,success,
microsoft/git-large-coco,08_young_boy.jpg,digital art selected for the #,0.0,4.025817339999776,success,
microsoft/git-large-coco,09_woman.jpg,a woman with long dark hair smiling,0.5,4.594877376999648,success,
microsoft/git-large-coco,10_man.jpg,a man sitting at a table with his arms crossed.,0.5,6.999131997999939,success,
microsoft/git-large-textcaps,01_fairy_forest.png,a painting of a mountain and a bridge with flowers and a river.,0.3333333333333333,8.869699520999347,success,
microsoft/git-large-textcaps,02_space_world.png,a cartoon painting of a moon with a rocket on it.,0.3333333333333333,7.394133423000312,success,
microsoft/git-large-textcaps,03_mystery_library.png,a room with a bookcase and a window with a moon and stars above it.,0.1666666666666666,11.370376058001057,success,
microsoft/git-large-textcaps,04_jungle_adventure.png,a painting of a bridge over a river with a mountain in the background.,0.1666666666666666,9.02553793900006,success,
microsoft/git-large-textcaps,05_poetry_world.png,a cartoon illustration of a boat with a question mark on it.,0.0,11.305987489000472,success,
microsoft/git-large-textcaps,06_underwater_world.png,a painting of a blue ocean with fish and a fish on it.,0.3333333333333333,8.462905676999071,success,
microsoft/git-large-textcaps,07_kids_playing.jpg,a cartoon of kids playing in a playground with a slide and a slide.,0.5,9.2346734979983,success,
microsoft/git-large-textcaps,08_young_boy.jpg,"a painting of a boy with a red sign that says "" chinese "" on it.",0.25,11.169487636998385,success,
microsoft/git-large-textcaps,09_woman.jpg,"a woman with a smile that says "" i ' m a woman "" on it.",0.5,10.173613357999784,success,
microsoft/git-large-textcaps,10_man.jpg,a man with gray hair is smiling and wearing a blue shirt.,0.5,7.68542548699952,success,
nlpconnect/vit-gpt2-image-captioning,01_fairy_forest.png,a river with a bunch of trees and flowers,0.3333333333333333,0.5782564540004387,success,
nlpconnect/vit-gpt2-image-captioning,02_space_world.png,a display of colorful balloons and balloons on a stage,0.0,0.5354127909995441,success,
nlpconnect/vit-gpt2-image-captioning,03_mystery_library.png,a living room with a large christmas tree,0.0,0.4594968109995534,success,
nlpconnect/vit-gpt2-image-captioning,04_jungle_adventure.png,a river with a bunch of trees and a waterfall,0.1666666666666666,0.5101198310003383,success,
nlpconnect/vit-gpt2-image-captioning,05_poetry_world.png,a painting of a colorful group of colorful animals,0.0,0.5246526629998698,success,
nlpconnect/vit-gpt2-image-captioning,06_underwater_world.png,a beach scene with a bunch of colorful umbrellas,0.0,0.5557665590004035,success,
nlpconnect/vit-gpt2-image-captioning,07_kids_playing.jpg,a children's playground with a bunch of toys,0.3333333333333333,0.4349497729999712,success,
nlpconnect/vit-gpt2-image-captioning,08_young_boy.jpg,a man in a suit and tie posing for a picture,0.0,0.5590608570000768,success,
nlpconnect/vit-gpt2-image-captioning,09_woman.jpg,a woman smiles as she poses for a picture,0.5,0.5955264849999367,success,
nlpconnect/vit-gpt2-image-captioning,10_man.jpg,a man sitting on a bench with a view of the ocean,0.5,0.6160021440009587,success,
ydshieh/vit-gpt2-coco-en,01_fairy_forest.png,a river with a bunch of trees and flowers,0.3333333333333333,0.3517396050010575,success,
ydshieh/vit-gpt2-coco-en,02_space_world.png,a display of colorful balloons and balloons on a stage,0.0,0.37777527999969607,success,
ydshieh/vit-gpt2-coco-en,03_mystery_library.png,a living room with a large christmas tree,0.0,0.2988849190005567,success,
ydshieh/vit-gpt2-coco-en,04_jungle_adventure.png,a river with a bunch of trees and a waterfall,0.16666666666666666,0.3418389759990532,success,
ydshieh/vit-gpt2-coco-en,05_poetry_world.png,a painting of a colorful group of colorful animals,0.0,0.3189395070003229,success,
ydshieh/vit-gpt2-coco-en,06_underwater_world.png,a beach scene with a bunch of colorful umbrellas,0.0,0.33412389699878986,success,
ydshieh/vit-gpt2-coco-en,07_kids_playing.jpg,a children's playground with a bunch of toys,0.3333333333333333,0.33227363899823104,success,
ydshieh/vit-gpt2-coco-en,08_young_boy.jpg,a man in a suit and tie posing for a picture,0.0,0.3628725269991264,success,
ydshieh/vit-gpt2-coco-en,09_woman.jpg,a woman smiles as she poses for a picture,0.5,0.31619280199993227,success,
ydshieh/vit-gpt2-coco-en,10_man.jpg,a man sitting on a bench with a view of the ocean,0.5,0.4830616250001185,success,
